{
    "negative": {
        "precision": 0.8227535037098104,
        "recall": 0.9283720930232559,
        "f1-score": 0.8723776223776224,
        "support": 1075.0
    },
    "positive": {
        "precision": 0.9001297016861219,
        "recall": 0.7634763476347635,
        "f1-score": 0.8261904761904763,
        "support": 909.0
    },
    "accuracy": 0.8528225806451613,
    "macro avg": {
        "precision": 0.8614416026979661,
        "recall": 0.8459242203290096,
        "f1-score": 0.8492840492840493,
        "support": 1984.0
    },
    "weighted avg": {
        "precision": 0.858204594415691,
        "recall": 0.8528225806451613,
        "f1-score": 0.8512162736457091,
        "support": 1984.0
    },
    "TPR": 0.9283720930232559,
    "FPR": 0.23652365236523654,
    "TNR": 0.7634763476347635,
    "FNR": 0.07162790697674419
}