{
    "negative": {
        "precision": 0.785983421250942,
        "recall": 0.9702325581395349,
        "f1-score": 0.868442964196503,
        "support": 1075.0
    },
    "positive": {
        "precision": 0.9527439024390244,
        "recall": 0.6875687568756875,
        "f1-score": 0.7987220447284344,
        "support": 909.0
    },
    "sentiment": {
        "precision": 0.0,
        "recall": 0.0,
        "f1-score": 0.0,
        "support": 0.0
    },
    "accuracy": 0.8407258064516129,
    "macro avg": {
        "precision": 0.5795757745633221,
        "recall": 0.5526004383384074,
        "f1-score": 0.5557216696416458,
        "support": 1984.0
    },
    "weighted avg": {
        "precision": 0.8623872909081834,
        "recall": 0.8407258064516129,
        "f1-score": 0.8364992566377962,
        "support": 1984.0
    },
    "TPR": 0.9711359404096834,
    "FPR": 0.3124312431243124,
    "TNR": 0.6875687568756875,
    "FNR": 0.028864059590316574
}