{
    "negative": {
        "precision": 0.7925531914893617,
        "recall": 0.9702325581395349,
        "f1-score": 0.8724383103304058,
        "support": 1075.0
    },
    "positive": {
        "precision": 0.9520958083832335,
        "recall": 0.6996699669966997,
        "f1-score": 0.806594800253646,
        "support": 909.0
    },
    "accuracy": 0.8462701612903226,
    "macro avg": {
        "precision": 0.8723244999362976,
        "recall": 0.8349512625681172,
        "f1-score": 0.8395165552920258,
        "support": 1984.0
    },
    "weighted avg": {
        "precision": 0.8656500860239027,
        "recall": 0.8462701612903226,
        "f1-score": 0.8422710972962452,
        "support": 1984.0
    },
    "TPR": 0.9702325581395349,
    "FPR": 0.30033003300330036,
    "TNR": 0.6996699669966997,
    "FNR": 0.029767441860465118
}