Type,Mean Log Prob
Original,-4.219874622361169
AAE,-5.027469321319758
AAE - Filler Words,-5.903596414071992
AAE - Hashtags,-5.290738618044843
AAE - emojis,-4.140910146810953
AAE - misspelling,-5.158835154101094
AAE - Modifiers,-5.670758931247039
