Type,Wasserstein Distance Vs Standard English
AAE,0.03669264751868805
AAE - Filler Words,0.06348879956657047
AAE - Hashtags,0.05256624378198021
AAE - emojis,0.00898658050017384
AAE - misspelling,0.04294217999961444
AAE - Modifiers,0.06239221814585259
