Type,Wasserstein Distance Vs Standard English
AAE,0.022738002386920003
AAE - Filler Words,0.0451730633434017
AAE - Hashtags,0.023781693945870572
AAE - emojis,0.025995692179945785
AAE - misspelling,0.024290545416777984
AAE - Modifiers,0.03683844938905915
