{
    "negative": {
        "precision": 0.8752642706131079,
        "recall": 0.7702325581395348,
        "f1-score": 0.8193963384463138,
        "support": 1075.0
    },
    "positive": {
        "precision": 0.7620423892100193,
        "recall": 0.8701870187018702,
        "f1-score": 0.8125321006676939,
        "support": 909.0
    },
    "accuracy": 0.8160282258064516,
    "macro avg": {
        "precision": 0.8186533299115636,
        "recall": 0.8202097884207025,
        "f1-score": 0.8159642195570038,
        "support": 1984.0
    },
    "weighted avg": {
        "precision": 0.8233899307968743,
        "recall": 0.8160282258064516,
        "f1-score": 0.816251382730202,
        "support": 1984.0
    },
    "TPR": 0.7702325581395348,
    "FPR": 0.12981298129812982,
    "TNR": 0.8701870187018702,
    "FNR": 0.2297674418604651
}