{
    "i cannot": {
        "precision": 0.0,
        "recall": 0.0,
        "f1-score": 0.0,
        "support": 0.0
    },
    "negative": {
        "precision": 0.8503740648379052,
        "recall": 0.6344186046511628,
        "f1-score": 0.7266915290356953,
        "support": 1075.0
    },
    "positive": {
        "precision": 0.668077900084674,
        "recall": 0.8679867986798679,
        "f1-score": 0.7550239234449762,
        "support": 909.0
    },
    "accuracy": 0.7414314516129032,
    "macro avg": {
        "precision": 0.5061506549741931,
        "recall": 0.5008018011103436,
        "f1-score": 0.4939051508268905,
        "support": 1984.0
    },
    "weighted avg": {
        "precision": 0.7668522837085266,
        "recall": 0.7414314516129032,
        "f1-score": 0.7396724496597055,
        "support": 1984.0
    },
    "TPR": 0.6350093109869647,
    "FPR": 0.132013201320132,
    "TNR": 0.8679867986798679,
    "FNR": 0.3649906890130354
}