Type,Mean Log Prob
Original,-7.670060421189954
Original - Filler Words,-8.800866652280092
Original - emojis,-5.7624953262087315
Original - misspelling,-7.896859505123669
Original - Modifiers,-8.572216326070409
Original - Hashtags,-7.403669147541927
