Type,Mean Log Prob
Original,-3.8802225177266423
Original - emojis,-3.661971511739877
Original - Filler Words,-5.1107916029831095
Original - Hashtags,-4.117439747848097
Original - Modifiers,-4.33680504079788
Original - misspelling,-4.083697705379417
