{
    "negative": {
        "precision": 0.8141732283464567,
        "recall": 0.9618604651162791,
        "f1-score": 0.8818763326226013,
        "support": 1075.0
    },
    "positive": {
        "precision": 0.9425770308123249,
        "recall": 0.7403740374037404,
        "f1-score": 0.829328404189772,
        "support": 909.0
    },
    "accuracy": 0.860383064516129,
    "macro avg": {
        "precision": 0.8783751295793908,
        "recall": 0.8511172512600098,
        "f1-score": 0.8556023684061866,
        "support": 1984.0
    },
    "weighted avg": {
        "precision": 0.8730033979238127,
        "recall": 0.860383064516129,
        "f1-score": 0.8578006940412295,
        "support": 1984.0
    },
    "TPR": 0.9618604651162791,
    "FPR": 0.25962596259625964,
    "TNR": 0.7403740374037404,
    "FNR": 0.03813953488372093
}