{
    "negative": {
        "precision": 0.6435881998795906,
        "recall": 0.9925719591457753,
        "f1-score": 0.7808619430241052,
        "support": 1077.0
    },
    "positive": {
        "precision": 0.9752321981424149,
        "recall": 0.3472987872105843,
        "f1-score": 0.5121951219512195,
        "support": 907.0
    },
    "accuracy": 0.6975806451612904,
    "macro avg": {
        "precision": 0.8094101990110028,
        "recall": 0.6699353731781799,
        "f1-score": 0.6465285324876624,
        "support": 1984.0
    },
    "weighted avg": {
        "precision": 0.7952016607789765,
        "recall": 0.6975806451612904,
        "f1-score": 0.6580389557695149,
        "support": 1984.0
    },
    "TPR": 0.9925719591457753,
    "FPR": 0.6527012127894156,
    "TNR": 0.3472987872105843,
    "FNR": 0.007428040854224698
}