{
    "negative": {
        "precision": 0.7307692307692307,
        "recall": 0.9702878365831012,
        "f1-score": 0.8336657359393698,
        "support": 1077.0
    },
    "positive": {
        "precision": 0.9422382671480144,
        "recall": 0.5755237045203969,
        "f1-score": 0.7145790554414785,
        "support": 907.0
    },
    "accuracy": 0.7898185483870968,
    "macro avg": {
        "precision": 0.8365037489586226,
        "recall": 0.772905770551749,
        "f1-score": 0.7741223956904242,
        "support": 1984.0
    },
    "weighted avg": {
        "precision": 0.8274438356057009,
        "recall": 0.7898185483870968,
        "f1-score": 0.7792243956109487,
        "support": 1984.0
    },
    "TPR": 0.9702878365831012,
    "FPR": 0.4244762954796031,
    "TNR": 0.5755237045203969,
    "FNR": 0.029712163416898793
}