Type,Mean Log Prob
Original,-4.321280806896187
Original - Filler Words,-5.3960523133076
Original - emojis,-4.14796514938315
Original - misspelling,-4.385921322785679
Original - Modifiers,-4.659170874815073
Original - Hashtags,-4.142877487570889
