{
    "negative": {
        "precision": 0.7827476038338658,
        "recall": 0.9099350046425255,
        "f1-score": 0.841562902533276,
        "support": 1077.0
    },
    "positive": {
        "precision": 0.8674863387978142,
        "recall": 0.7001102535832414,
        "f1-score": 0.774862721171446,
        "support": 907.0
    },
    "accuracy": 0.8140120967741935,
    "macro avg": {
        "precision": 0.8251169713158399,
        "recall": 0.8050226291128835,
        "f1-score": 0.808212811852361,
        "support": 1984.0
    },
    "weighted avg": {
        "precision": 0.8214865315618401,
        "recall": 0.8140120967741935,
        "f1-score": 0.8110704305094958,
        "support": 1984.0
    },
    "TPR": 0.9099350046425255,
    "FPR": 0.29988974641675853,
    "TNR": 0.7001102535832414,
    "FNR": 0.09006499535747446
}