{
    "negative": {
        "precision": 0.6919917864476386,
        "recall": 0.9387186629526463,
        "f1-score": 0.7966903073286052,
        "support": 1077.0
    },
    "positive": {
        "precision": 0.8738049713193117,
        "recall": 0.503858875413451,
        "f1-score": 0.6391608391608392,
        "support": 907.0
    },
    "accuracy": 0.7399193548387096,
    "macro avg": {
        "precision": 0.7828983788834751,
        "recall": 0.7212887691830486,
        "f1-score": 0.7179255732447223,
        "support": 1984.0
    },
    "weighted avg": {
        "precision": 0.7751090035235496,
        "recall": 0.7399193548387096,
        "f1-score": 0.7246745675966678,
        "support": 1984.0
    },
    "TPR": 0.9387186629526463,
    "FPR": 0.4961411245865491,
    "TNR": 0.503858875413451,
    "FNR": 0.06128133704735376
}