{
    "negative": {
        "precision": 0.8306737588652482,
        "recall": 0.8700092850510678,
        "f1-score": 0.8498866213151927,
        "support": 1077.0
    },
    "positive": {
        "precision": 0.8364485981308412,
        "recall": 0.7894156560088202,
        "f1-score": 0.8122518434486671,
        "support": 907.0
    },
    "accuracy": 0.8331653225806451,
    "macro avg": {
        "precision": 0.8335611784980447,
        "recall": 0.829712470529944,
        "f1-score": 0.8310692323819299,
        "support": 1984.0
    },
    "weighted avg": {
        "precision": 0.83331376854967,
        "recall": 0.8331653225806451,
        "f1-score": 0.8326816094578646,
        "support": 1984.0
    },
    "TPR": 0.8700092850510678,
    "FPR": 0.2105843439911797,
    "TNR": 0.7894156560088202,
    "FNR": 0.12999071494893222
}