{
    "negative": {
        "precision": 0.7967549103330487,
        "recall": 0.8662952646239555,
        "f1-score": 0.8300711743772242,
        "support": 1077.0
    },
    "positive": {
        "precision": 0.8228782287822878,
        "recall": 0.7375964718853363,
        "f1-score": 0.777906976744186,
        "support": 907.0
    },
    "accuracy": 0.8074596774193549,
    "macro avg": {
        "precision": 0.8098165695576682,
        "recall": 0.8019458682546459,
        "f1-score": 0.8039890755607051,
        "support": 1984.0
    },
    "weighted avg": {
        "precision": 0.8086973749668489,
        "recall": 0.8074596774193549,
        "f1-score": 0.8062239328181691,
        "support": 1984.0
    },
    "TPR": 0.8662952646239555,
    "FPR": 0.2624035281146637,
    "TNR": 0.7375964718853363,
    "FNR": 0.13370473537604458
}