{
    "negative": {
        "precision": 0.8060309698451508,
        "recall": 0.9182915506035283,
        "f1-score": 0.8585069444444444,
        "support": 1077.0
    },
    "positive": {
        "precision": 0.8837516512549538,
        "recall": 0.7375964718853363,
        "f1-score": 0.8040865384615384,
        "support": 907.0
    },
    "accuracy": 0.8356854838709677,
    "macro avg": {
        "precision": 0.8448913105500523,
        "recall": 0.8279440112444323,
        "f1-score": 0.8312967414529915,
        "support": 1984.0
    },
    "weighted avg": {
        "precision": 0.8415615434533622,
        "recall": 0.8356854838709677,
        "f1-score": 0.8336282608625413,
        "support": 1984.0
    },
    "TPR": 0.9182915506035283,
    "FPR": 0.2624035281146637,
    "TNR": 0.7375964718853363,
    "FNR": 0.08170844939647168
}