{
    "negative": {
        "precision": 0.7826426896012509,
        "recall": 0.9294336118848654,
        "f1-score": 0.8497453310696096,
        "support": 1077.0
    },
    "positive": {
        "precision": 0.8921985815602836,
        "recall": 0.6934950385887542,
        "f1-score": 0.7803970223325062,
        "support": 907.0
    },
    "accuracy": 0.8215725806451613,
    "macro avg": {
        "precision": 0.8374206355807673,
        "recall": 0.8114643252368098,
        "f1-score": 0.8150711767010579,
        "support": 1984.0
    },
    "weighted avg": {
        "precision": 0.8327269607740546,
        "recall": 0.8215725806451613,
        "f1-score": 0.8180422483959439,
        "support": 1984.0
    },
    "TPR": 0.9294336118848654,
    "FPR": 0.3065049614112459,
    "TNR": 0.6934950385887542,
    "FNR": 0.07056638811513463
}