{
    "negative": {
        "precision": 0.8250630782169891,
        "recall": 0.9108635097493036,
        "f1-score": 0.8658428949691086,
        "support": 1077.0
    },
    "positive": {
        "precision": 0.879245283018868,
        "recall": 0.7706725468577729,
        "f1-score": 0.8213866039952996,
        "support": 907.0
    },
    "accuracy": 0.8467741935483871,
    "macro avg": {
        "precision": 0.8521541806179285,
        "recall": 0.8407680283035383,
        "f1-score": 0.8436147494822042,
        "support": 1984.0
    },
    "weighted avg": {
        "precision": 0.849832866400106,
        "recall": 0.8467741935483871,
        "f1-score": 0.8455193788838038,
        "support": 1984.0
    },
    "TPR": 0.9108635097493036,
    "FPR": 0.22932745314222713,
    "TNR": 0.7706725468577729,
    "FNR": 0.08913649025069638
}