{
    "negative": {
        "precision": 0.8259803921568627,
        "recall": 0.9387186629526463,
        "f1-score": 0.8787483702737939,
        "support": 1077.0
    },
    "positive": {
        "precision": 0.9131578947368421,
        "recall": 0.7651598676957001,
        "f1-score": 0.8326334733053389,
        "support": 907.0
    },
    "accuracy": 0.859375,
    "macro avg": {
        "precision": 0.8695691434468524,
        "recall": 0.8519392653241732,
        "f1-score": 0.8556909217895664,
        "support": 1984.0
    },
    "weighted avg": {
        "precision": 0.8658342202012385,
        "recall": 0.859375,
        "f1-score": 0.8576666104197673,
        "support": 1984.0
    },
    "TPR": 0.9387186629526463,
    "FPR": 0.2348401323042999,
    "TNR": 0.7651598676957001,
    "FNR": 0.06128133704735376
}