{
    "negative": {
        "precision": 0.7520476545048399,
        "recall": 0.9377901578458682,
        "f1-score": 0.8347107438016529,
        "support": 1077.0
    },
    "positive": {
        "precision": 0.8954758190327613,
        "recall": 0.6328555678059536,
        "f1-score": 0.7416020671834626,
        "support": 907.0
    },
    "accuracy": 0.7983870967741935,
    "macro avg": {
        "precision": 0.8237617367688006,
        "recall": 0.7853228628259109,
        "f1-score": 0.7881564054925577,
        "support": 1984.0
    },
    "weighted avg": {
        "precision": 0.8176168809296508,
        "recall": 0.7983870967741935,
        "f1-score": 0.7921454364968653,
        "support": 1984.0
    },
    "TPR": 0.9377901578458682,
    "FPR": 0.3671444321940463,
    "TNR": 0.6328555678059536,
    "FNR": 0.06220984215413185
}