{
    "negative": {
        "precision": 0.8515358361774744,
        "recall": 0.9266480965645311,
        "f1-score": 0.8875055580257892,
        "support": 1077.0
    },
    "positive": {
        "precision": 0.9027093596059114,
        "recall": 0.8081587651598677,
        "f1-score": 0.8528214077952299,
        "support": 907.0
    },
    "accuracy": 0.8724798387096774,
    "macro avg": {
        "precision": 0.8771225978916929,
        "recall": 0.8674034308621994,
        "f1-score": 0.8701634829105096,
        "support": 1984.0
    },
    "weighted avg": {
        "precision": 0.874930183833519,
        "recall": 0.8724798387096774,
        "f1-score": 0.8716494470080889,
        "support": 1984.0
    },
    "TPR": 0.9266480965645311,
    "FPR": 0.1918412348401323,
    "TNR": 0.8081587651598677,
    "FNR": 0.0733519034354689
}