{
    "negative": {
        "precision": 0.8826739427012278,
        "recall": 0.6018604651162791,
        "f1-score": 0.7157079646017699,
        "support": 1075.0
    },
    "positive": {
        "precision": 0.6578737010391686,
        "recall": 0.9053905390539054,
        "f1-score": 0.7620370370370371,
        "support": 909.0
    },
    "accuracy": 0.7409274193548387,
    "macro avg": {
        "precision": 0.7702738218701982,
        "recall": 0.7536255020850923,
        "f1-score": 0.7388725008194035,
        "support": 1984.0
    },
    "weighted avg": {
        "precision": 0.7796782674639234,
        "recall": 0.7409274193548387,
        "f1-score": 0.7369343390189362,
        "support": 1984.0
    },
    "TPR": 0.6018604651162791,
    "FPR": 0.09460946094609461,
    "TNR": 0.9053905390539054,
    "FNR": 0.39813953488372095
}