{
    "negative": {
        "precision": 0.8316326530612245,
        "recall": 0.9080779944289693,
        "f1-score": 0.8681757656458056,
        "support": 1077.0
    },
    "positive": {
        "precision": 0.8774752475247525,
        "recall": 0.7816979051819184,
        "f1-score": 0.8268221574344023,
        "support": 907.0
    },
    "accuracy": 0.8503024193548387,
    "macro avg": {
        "precision": 0.8545539502929884,
        "recall": 0.8448879498054438,
        "f1-score": 0.847498961540104,
        "support": 1984.0
    },
    "weighted avg": {
        "precision": 0.8525899278487346,
        "recall": 0.8503024193548387,
        "f1-score": 0.8492706635048063,
        "support": 1984.0
    },
    "TPR": 0.9080779944289693,
    "FPR": 0.21830209481808158,
    "TNR": 0.7816979051819184,
    "FNR": 0.09192200557103064
}