{
    "negative": {
        "precision": 0.7853061224489796,
        "recall": 0.89322191272052,
        "f1-score": 0.8357949609035622,
        "support": 1077.0
    },
    "positive": {
        "precision": 0.8484848484848485,
        "recall": 0.7100330760749725,
        "f1-score": 0.773109243697479,
        "support": 907.0
    },
    "accuracy": 0.8094758064516129,
    "macro avg": {
        "precision": 0.816895485466914,
        "recall": 0.8016274943977462,
        "f1-score": 0.8044521023005207,
        "support": 1984.0
    },
    "weighted avg": {
        "precision": 0.8141887356115468,
        "recall": 0.8094758064516129,
        "f1-score": 0.8071377303058216,
        "support": 1984.0
    },
    "TPR": 0.89322191272052,
    "FPR": 0.28996692392502754,
    "TNR": 0.7100330760749725,
    "FNR": 0.10677808727948004
}