{
    "negative": {
        "precision": 0.8421052631578947,
        "recall": 0.935933147632312,
        "f1-score": 0.8865435356200526,
        "support": 1077.0
    },
    "positive": {
        "precision": 0.9123252858958069,
        "recall": 0.7916207276736494,
        "f1-score": 0.8476977567886659,
        "support": 907.0
    },
    "accuracy": 0.8699596774193549,
    "macro avg": {
        "precision": 0.8772152745268508,
        "recall": 0.8637769376529807,
        "f1-score": 0.8671206462043592,
        "support": 1984.0
    },
    "weighted avg": {
        "precision": 0.8742068562139866,
        "recall": 0.8699596774193549,
        "f1-score": 0.8687849058821152,
        "support": 1984.0
    },
    "TPR": 0.935933147632312,
    "FPR": 0.20837927232635062,
    "TNR": 0.7916207276736494,
    "FNR": 0.06406685236768803
}