{
    "negative": {
        "precision": 0.8066115702479338,
        "recall": 0.9062209842154132,
        "f1-score": 0.8535198950590294,
        "support": 1077.0
    },
    "positive": {
        "precision": 0.8695090439276486,
        "recall": 0.7420066152149944,
        "f1-score": 0.8007138607971446,
        "support": 907.0
    },
    "accuracy": 0.8311491935483871,
    "macro avg": {
        "precision": 0.8380603070877912,
        "recall": 0.8241137997152038,
        "f1-score": 0.827116877928087,
        "support": 1984.0
    },
    "weighted avg": {
        "precision": 0.8353656068545374,
        "recall": 0.8311491935483871,
        "f1-score": 0.8293792332266052,
        "support": 1984.0
    },
    "TPR": 0.9062209842154132,
    "FPR": 0.2579933847850055,
    "TNR": 0.7420066152149944,
    "FNR": 0.09377901578458682
}