{
    "negative": {
        "precision": 0.82414068745004,
        "recall": 0.9590697674418605,
        "f1-score": 0.8865004299226139,
        "support": 1075.0
    },
    "positive": {
        "precision": 0.9399727148703957,
        "recall": 0.757975797579758,
        "f1-score": 0.8392204628501827,
        "support": 909.0
    },
    "accuracy": 0.8669354838709677,
    "macro avg": {
        "precision": 0.8820567011602178,
        "recall": 0.8585227825108093,
        "f1-score": 0.8628604463863982,
        "support": 1984.0
    },
    "weighted avg": {
        "precision": 0.8772109056582573,
        "recall": 0.8669354838709677,
        "f1-score": 0.8648383885572711,
        "support": 1984.0
    },
    "TPR": 0.9590697674418605,
    "FPR": 0.24202420242024203,
    "TNR": 0.757975797579758,
    "FNR": 0.04093023255813953
}