{
    "negative": {
        "precision": 0.8166797797010228,
        "recall": 0.9655813953488372,
        "f1-score": 0.8849104859335039,
        "support": 1075.0
    },
    "positive": {
        "precision": 0.9481065918653576,
        "recall": 0.7436743674367436,
        "f1-score": 0.8335388409371146,
        "support": 909.0
    },
    "accuracy": 0.8639112903225806,
    "macro avg": {
        "precision": 0.8823931857831901,
        "recall": 0.8546278813927904,
        "f1-score": 0.8592246634353092,
        "support": 1984.0
    },
    "weighted avg": {
        "precision": 0.8768949874920411,
        "recall": 0.8639112903225806,
        "f1-score": 0.8613737796322348,
        "support": 1984.0
    },
    "TPR": 0.9655813953488372,
    "FPR": 0.2563256325632563,
    "TNR": 0.7436743674367436,
    "FNR": 0.03441860465116279
}