Type,Wasserstein Distance Vs Standard English
AAE,0.004465424608789378
AAE - Filler Words,0.007281352111851155
AAE - Hashtags,0.0035747622821106417
AAE - emojis,0.047846125327148124
AAE - misspelling,0.005231387241108779
AAE - Modifiers,0.007336076634154521
