{
    "negative": {
        "precision": 0.7021276595744681,
        "recall": 0.9805013927576601,
        "f1-score": 0.8182874854707477,
        "support": 1077.0
    },
    "positive": {
        "precision": 0.95625,
        "recall": 0.5060639470782801,
        "f1-score": 0.661860129776496,
        "support": 907.0
    },
    "accuracy": 0.7636088709677419,
    "macro avg": {
        "precision": 0.8291888297872341,
        "recall": 0.7432826699179701,
        "f1-score": 0.7400738076236218,
        "support": 1984.0
    },
    "weighted avg": {
        "precision": 0.8183015319363418,
        "recall": 0.7636088709677419,
        "f1-score": 0.7467755844552809,
        "support": 1984.0
    },
    "TPR": 0.9805013927576601,
    "FPR": 0.49393605292171994,
    "TNR": 0.5060639470782801,
    "FNR": 0.019498607242339833
}