{
    "negative": {
        "precision": 0.759970457902511,
        "recall": 0.9554317548746518,
        "f1-score": 0.8465651995063759,
        "support": 1077.0
    },
    "positive": {
        "precision": 0.9238095238095239,
        "recall": 0.6416758544652701,
        "f1-score": 0.7573194534808068,
        "support": 907.0
    },
    "accuracy": 0.8119959677419355,
    "macro avg": {
        "precision": 0.8418899908560175,
        "recall": 0.798553804669961,
        "f1-score": 0.8019423264935913,
        "support": 1984.0
    },
    "weighted avg": {
        "precision": 0.8348706760364125,
        "recall": 0.8119959677419355,
        "f1-score": 0.8057658589594046,
        "support": 1984.0
    },
    "TPR": 0.9554317548746518,
    "FPR": 0.35832414553472985,
    "TNR": 0.6416758544652701,
    "FNR": 0.04456824512534819
}