{
    "negative": {
        "precision": 0.7909647779479326,
        "recall": 0.9591457753017641,
        "f1-score": 0.8669744020142677,
        "support": 1077.0
    },
    "positive": {
        "precision": 0.9351032448377581,
        "recall": 0.6990077177508269,
        "f1-score": 0.7999999999999999,
        "support": 907.0
    },
    "accuracy": 0.8402217741935484,
    "macro avg": {
        "precision": 0.8630340113928454,
        "recall": 0.8290767465262956,
        "f1-score": 0.8334872010071338,
        "support": 1984.0
    },
    "weighted avg": {
        "precision": 0.8568587242529083,
        "recall": 0.8402217741935484,
        "f1-score": 0.8363565680289144,
        "support": 1984.0
    },
    "TPR": 0.9591457753017641,
    "FPR": 0.30099228224917307,
    "TNR": 0.6990077177508269,
    "FNR": 0.04085422469823584
}