{
    "negative": {
        "precision": 0.6934210526315789,
        "recall": 0.978644382544104,
        "f1-score": 0.8117058144012322,
        "support": 1077.0
    },
    "positive": {
        "precision": 0.9504310344827587,
        "recall": 0.4862183020948181,
        "f1-score": 0.6433260393873085,
        "support": 907.0
    },
    "accuracy": 0.7535282258064516,
    "macro avg": {
        "precision": 0.8219260435571688,
        "recall": 0.732431342319461,
        "f1-score": 0.7275159268942704,
        "support": 1984.0
    },
    "weighted avg": {
        "precision": 0.8109150312298753,
        "recall": 0.7535282258064516,
        "f1-score": 0.7347297781423469,
        "support": 1984.0
    },
    "TPR": 0.978644382544104,
    "FPR": 0.5137816979051819,
    "TNR": 0.4862183020948181,
    "FNR": 0.02135561745589601
}