{
    "negative": {
        "precision": 0.825219473264166,
        "recall": 0.9600742804085423,
        "f1-score": 0.8875536480686694,
        "support": 1077.0
    },
    "positive": {
        "precision": 0.9411764705882353,
        "recall": 0.7585446527012127,
        "f1-score": 0.84004884004884,
        "support": 907.0
    },
    "accuracy": 0.8679435483870968,
    "macro avg": {
        "precision": 0.8831979719262006,
        "recall": 0.8593094665548775,
        "f1-score": 0.8638012440587547,
        "support": 1984.0
    },
    "weighted avg": {
        "precision": 0.8782300562142319,
        "recall": 0.8679435483870968,
        "f1-score": 0.8658364802894429,
        "support": 1984.0
    },
    "TPR": 0.9600742804085423,
    "FPR": 0.2414553472987872,
    "TNR": 0.7585446527012127,
    "FNR": 0.039925719591457756
}