{
    "negative": {
        "precision": 0.8709677419354839,
        "recall": 0.7283720930232558,
        "f1-score": 0.7933130699088147,
        "support": 1075.0
    },
    "positive": {
        "precision": 0.7308755760368664,
        "recall": 0.8723872387238724,
        "f1-score": 0.7953861584754263,
        "support": 909.0
    },
    "accuracy": 0.7943548387096774,
    "macro avg": {
        "precision": 0.8009216589861752,
        "recall": 0.800379665873564,
        "f1-score": 0.7943496141921205,
        "support": 1984.0
    },
    "weighted avg": {
        "precision": 0.8067823695555226,
        "recall": 0.7943548387096774,
        "f1-score": 0.7942628872006745,
        "support": 1984.0
    },
    "TPR": 0.7283720930232558,
    "FPR": 0.1276127612761276,
    "TNR": 0.8723872387238724,
    "FNR": 0.27162790697674416
}