{
    "negative": {
        "precision": 0.8664627930682977,
        "recall": 0.7906976744186046,
        "f1-score": 0.8268482490272374,
        "support": 1075.0
    },
    "positive": {
        "precision": 0.7756729810568295,
        "recall": 0.8558855885588559,
        "f1-score": 0.8138075313807531,
        "support": 909.0
    },
    "accuracy": 0.8205645161290323,
    "macro avg": {
        "precision": 0.8210678870625636,
        "recall": 0.8232916314887302,
        "f1-score": 0.8203278902039952,
        "support": 1984.0
    },
    "weighted avg": {
        "precision": 0.8248660495610273,
        "recall": 0.8205645161290323,
        "f1-score": 0.8208734444200528,
        "support": 1984.0
    },
    "TPR": 0.7906976744186046,
    "FPR": 0.14411441144114412,
    "TNR": 0.8558855885588559,
    "FNR": 0.20930232558139536
}