Type,Wasserstein Distance Vs Standard English
Original - Filler Words,0.005741481874234587
Original - emojis,0.10380428763379722
Original - misspelling,0.0028127200836942064
Original - Modifiers,0.005151580107660477
Original - Hashtags,0.0058939484360372475
