Type,Mean Log Prob
Original,-7.768979217444256
AAE,-9.319913108890477
AAE - Filler Words,-11.453565533652174
AAE - Hashtags,-8.381446166554834
AAE - emojis,-6.0038828980391195
AAE - misspelling,-9.56283662384989
AAE - Modifiers,-11.630609003905278
