Type,Mean Log Prob
Original,-5.133616899381018
AAE,-5.5601326519643175
AAE - Filler Words,-6.454950125202251
AAE - Hashtags,-4.713022403074171
AAE - emojis,-5.260301607783939
AAE - misspelling,-5.552324130201036
AAE - Modifiers,-6.295394064387951
