Type,Wasserstein Distance Vs Standard English
Original - Filler Words,0.053735498273001114
Original - emojis,0.01872039747270739
Original - misspelling,0.009779570108034331
Original - Modifiers,0.027426618807157847
Original - Hashtags,0.015675713437384716
